{
  "meta": {
    "dept": "hr.core",
    "version": "1.0.0"
  },
  "skills": [
    {
      "id": "hr.core.hr.onboard_employee",
      "display_name": "Hr Onboard_Employee",
      "intent": "Execute Hr Onboard_Employee deterministically.",
      "owner": "dept@company.com",
      "version": "1.0.0",
      "status": "stable",
      "tags": [
        "hr",
        "core",
        "hr"
      ],
      "inputs": {
        "type": "object",
        "properties": {
          "payload": {
            "type": "object"
          }
        }
      },
      "outputs": {
        "type": "object",
        "required": [
          "result",
          "trace_id"
        ],
        "properties": {
          "result": {
            "type": "object"
          },
          "trace_id": {
            "type": "string"
          }
        }
      },
      "preconditions": [
        "payload not null"
      ],
      "postconditions": [
        "deterministic structure"
      ],
      "tools_required": [
        {
          "name": "runtime",
          "scope": "read"
        }
      ],
      "context_required": [],
      "error_model": {
        "type": "object"
      },
      "examples": [
        {
          "inputs": {
            "payload": {
              "example": true
            }
          },
          "expected_outputs": {
            "result": {
              "ok": true
            }
          }
        }
      ],
      "changelog": [
        {
          "version": "1.0.0",
          "notes": "Initial"
        }
      ]
    },
    {
      "id": "hr.core.hr.offboard_employee",
      "display_name": "Hr Offboard_Employee",
      "intent": "Execute Hr Offboard_Employee deterministically.",
      "owner": "dept@company.com",
      "version": "1.0.0",
      "status": "stable",
      "tags": [
        "hr",
        "core",
        "hr"
      ],
      "inputs": {
        "type": "object",
        "properties": {
          "payload": {
            "type": "object"
          }
        }
      },
      "outputs": {
        "type": "object",
        "required": [
          "result",
          "trace_id"
        ],
        "properties": {
          "result": {
            "type": "object"
          },
          "trace_id": {
            "type": "string"
          }
        }
      },
      "preconditions": [
        "payload not null"
      ],
      "postconditions": [
        "deterministic structure"
      ],
      "tools_required": [
        {
          "name": "runtime",
          "scope": "read"
        }
      ],
      "context_required": [],
      "error_model": {
        "type": "object"
      },
      "examples": [
        {
          "inputs": {
            "payload": {
              "example": true
            }
          },
          "expected_outputs": {
            "result": {
              "ok": true
            }
          }
        }
      ],
      "changelog": [
        {
          "version": "1.0.0",
          "notes": "Initial"
        }
      ]
    },
    {
      "id": "hr.core.hr.policies_qna",
      "display_name": "Hr Policies_Qna",
      "intent": "Execute Hr Policies_Qna deterministically.",
      "owner": "dept@company.com",
      "version": "1.0.0",
      "status": "stable",
      "tags": [
        "hr",
        "core",
        "hr"
      ],
      "inputs": {
        "type": "object",
        "properties": {
          "payload": {
            "type": "object"
          }
        }
      },
      "outputs": {
        "type": "object",
        "required": [
          "result",
          "trace_id"
        ],
        "properties": {
          "result": {
            "type": "object"
          },
          "trace_id": {
            "type": "string"
          }
        }
      },
      "preconditions": [
        "payload not null"
      ],
      "postconditions": [
        "deterministic structure"
      ],
      "tools_required": [
        {
          "name": "runtime",
          "scope": "read"
        }
      ],
      "context_required": [],
      "error_model": {
        "type": "object"
      },
      "examples": [
        {
          "inputs": {
            "payload": {
              "example": true
            }
          },
          "expected_outputs": {
            "result": {
              "ok": true
            }
          }
        }
      ],
      "changelog": [
        {
          "version": "1.0.0",
          "notes": "Initial"
        }
      ]
    },
    {
      "id": "hr.core.hr.paychange_validate",
      "display_name": "Hr Paychange_Validate",
      "intent": "Execute Hr Paychange_Validate deterministically.",
      "owner": "dept@company.com",
      "version": "1.0.0",
      "status": "stable",
      "tags": [
        "hr",
        "core",
        "hr"
      ],
      "inputs": {
        "type": "object",
        "properties": {
          "payload": {
            "type": "object"
          }
        }
      },
      "outputs": {
        "type": "object",
        "required": [
          "result",
          "trace_id"
        ],
        "properties": {
          "result": {
            "type": "object"
          },
          "trace_id": {
            "type": "string"
          }
        }
      },
      "preconditions": [
        "payload not null"
      ],
      "postconditions": [
        "deterministic structure"
      ],
      "tools_required": [
        {
          "name": "runtime",
          "scope": "read"
        }
      ],
      "context_required": [],
      "error_model": {
        "type": "object"
      },
      "examples": [
        {
          "inputs": {
            "payload": {
              "example": true
            }
          },
          "expected_outputs": {
            "result": {
              "ok": true
            }
          }
        }
      ],
      "changelog": [
        {
          "version": "1.0.0",
          "notes": "Initial"
        }
      ]
    }
  ]
}