{
  "$schema": "https://json-schema.org/draft/2020-12/schema",
  "$id": "https://example.com/jules/compliance.schema.json",
  "title": "Jules Compliance Input",
  "type": "object",
  "required": [
    "lint_pass",
    "type_pass",
    "tests_pass",
    "security_pass",
    "coverage",
    "duplication_rate",
    "doc_claims_total",
    "doc_claims_tested",
    "failure_tests",
    "success_tests",
    "cron_verified",
    "user_doubt",
    "backward_compat",
    "governance_hash_ok"
  ],
  "properties": {
    "lint_pass": {
      "type": "boolean"
    },
    "type_pass": {
      "type": "boolean"
    },
    "tests_pass": {
      "type": "boolean"
    },
    "security_pass": {
      "type": "boolean"
    },
    "coverage": {
      "type": "number",
      "minimum": 0,
      "maximum": 1
    },
    "duplication_rate": {
      "type": "number",
      "minimum": 0,
      "maximum": 1
    },
    "doc_claims_total": {
      "type": "integer",
      "minimum": 0
    },
    "doc_claims_tested": {
      "type": "integer",
      "minimum": 0
    },
    "failure_tests": {
      "type": "integer",
      "minimum": 0
    },
    "success_tests": {
      "type": "integer",
      "minimum": 0
    },
    "cron_verified": {
      "type": "boolean"
    },
    "user_doubt": {
      "type": "boolean"
    },
    "backward_compat": {
      "type": "boolean"
    },
    "governance_hash_ok": {
      "type": "boolean"
    },
    "notes": {
      "type": "string"
    }
  },
  "allOf": [
    {
      "if": {
        "properties": {
          "doc_claims_total": {
            "const": 0
          }
        }
      },
      "then": {
        "properties": {
          "doc_claims_tested": {
            "const": 0
          }
        }
      },
      "else": {
        "properties": {
          "doc_claims_tested": {
            "type": "integer",
            "minimum": 1
          }
        }
      }
    }
  ],
  "additionalProperties": false
}