{
  "$schema": "https://json-schema.org/draft/2020-12/schema",
  "$id": "https://example.com/jules/trace.schema.json",
  "title": "Jules Trace Ledger",
  "type": "object",
  "required": [
    "task_id",
    "timestamp_utc",
    "jules_version",
    "inputs",
    "decisions",
    "dependencies",
    "licenses"
  ],
  "properties": {
    "task_id": {
      "type": "string",
      "minLength": 1
    },
    "timestamp_utc": {
      "type": "string",
      "format": "date-time"
    },
    "jules_version": {
      "type": "string",
      "pattern": "^v?\\d+\\.\\d+\\.\\d+$"
    },
    "inputs": {
      "type": "object",
      "required": [
        "summary",
        "files",
        "parameters"
      ],
      "properties": {
        "summary": {
          "type": "string",
          "minLength": 1
        },
        "files": {
          "type": "array",
          "items": {
            "type": "string",
            "minLength": 1
          }
        },
        "parameters": {
          "type": "object"
        }
      },
      "additionalProperties": true
    },
    "decisions": {
      "type": "array",
      "items": {
        "type": "object",
        "required": [
          "rationale",
          "alternatives",
          "tradeoffs"
        ],
        "properties": {
          "rationale": {
            "type": "string"
          },
          "alternatives": {
            "type": "array",
            "items": {
              "type": "string"
            }
          },
          "tradeoffs": {
            "type": "string"
          }
        }
      }
    },
    "dependencies": {
      "type": "array",
      "items": {
        "type": "object",
        "required": [
          "name",
          "version"
        ],
        "properties": {
          "name": {
            "type": "string",
            "minLength": 1
          },
          "version": {
            "type": "string",
            "minLength": 1
          }
        }
      }
    },
    "licenses": {
      "type": "array",
      "items": {
        "type": "object",
        "required": [
          "dependency",
          "license"
        ],
        "properties": {
          "dependency": {
            "type": "string"
          },
          "license": {
            "type": "string"
          }
        }
      }
    },
    "requires_review": {
      "type": "boolean"
    },
    "override_events": {
      "type": "array",
      "items": {
        "type": "object",
        "required": [
          "actor",
          "reason",
          "timestamp_utc"
        ],
        "properties": {
          "actor": {
            "type": "string",
            "enum": [
              "Jules",
              "SafetyModule",
              "HumanOperator"
            ]
          },
          "reason": {
            "type": "string"
          },
          "timestamp_utc": {
            "type": "string",
            "format": "date-time"
          }
        }
      }
    }
  },
  "additionalProperties": false
}