{
  "meta": {
    "dept": "facilities",
    "version": "1.0.0"
  },
  "skills": [
    {
      "id": "facilities.fac.wo_intake",
      "display_name": "Fac Wo_Intake",
      "intent": "Execute Fac Wo_Intake deterministically.",
      "owner": "dept@company.com",
      "version": "1.0.0",
      "status": "stable",
      "tags": [
        "facilities",
        "fac"
      ],
      "inputs": {
        "type": "object",
        "properties": {
          "payload": {
            "type": "object"
          }
        }
      },
      "outputs": {
        "type": "object",
        "required": [
          "result",
          "trace_id"
        ],
        "properties": {
          "result": {
            "type": "object"
          },
          "trace_id": {
            "type": "string"
          }
        }
      },
      "preconditions": [
        "payload not null"
      ],
      "postconditions": [
        "deterministic structure"
      ],
      "tools_required": [
        {
          "name": "runtime",
          "scope": "read"
        }
      ],
      "context_required": [],
      "error_model": {
        "type": "object"
      },
      "examples": [
        {
          "inputs": {
            "payload": {
              "example": true
            }
          },
          "expected_outputs": {
            "result": {
              "ok": true
            }
          }
        }
      ],
      "changelog": [
        {
          "version": "1.0.0",
          "notes": "Initial"
        }
      ]
    },
    {
      "id": "facilities.fac.vendor_dispatch",
      "display_name": "Fac Vendor_Dispatch",
      "intent": "Execute Fac Vendor_Dispatch deterministically.",
      "owner": "dept@company.com",
      "version": "1.0.0",
      "status": "stable",
      "tags": [
        "facilities",
        "fac"
      ],
      "inputs": {
        "type": "object",
        "properties": {
          "payload": {
            "type": "object"
          }
        }
      },
      "outputs": {
        "type": "object",
        "required": [
          "result",
          "trace_id"
        ],
        "properties": {
          "result": {
            "type": "object"
          },
          "trace_id": {
            "type": "string"
          }
        }
      },
      "preconditions": [
        "payload not null"
      ],
      "postconditions": [
        "deterministic structure"
      ],
      "tools_required": [
        {
          "name": "runtime",
          "scope": "read"
        }
      ],
      "context_required": [],
      "error_model": {
        "type": "object"
      },
      "examples": [
        {
          "inputs": {
            "payload": {
              "example": true
            }
          },
          "expected_outputs": {
            "result": {
              "ok": true
            }
          }
        }
      ],
      "changelog": [
        {
          "version": "1.0.0",
          "notes": "Initial"
        }
      ]
    },
    {
      "id": "facilities.fac.safety_check",
      "display_name": "Fac Safety_Check",
      "intent": "Execute Fac Safety_Check deterministically.",
      "owner": "dept@company.com",
      "version": "1.0.0",
      "status": "stable",
      "tags": [
        "facilities",
        "fac"
      ],
      "inputs": {
        "type": "object",
        "properties": {
          "payload": {
            "type": "object"
          }
        }
      },
      "outputs": {
        "type": "object",
        "required": [
          "result",
          "trace_id"
        ],
        "properties": {
          "result": {
            "type": "object"
          },
          "trace_id": {
            "type": "string"
          }
        }
      },
      "preconditions": [
        "payload not null"
      ],
      "postconditions": [
        "deterministic structure"
      ],
      "tools_required": [
        {
          "name": "runtime",
          "scope": "read"
        }
      ],
      "context_required": [],
      "error_model": {
        "type": "object"
      },
      "examples": [
        {
          "inputs": {
            "payload": {
              "example": true
            }
          },
          "expected_outputs": {
            "result": {
              "ok": true
            }
          }
        }
      ],
      "changelog": [
        {
          "version": "1.0.0",
          "notes": "Initial"
        }
      ]
    },
    {
      "id": "facilities.fac.closeout",
      "display_name": "Fac Closeout",
      "intent": "Execute Fac Closeout deterministically.",
      "owner": "dept@company.com",
      "version": "1.0.0",
      "status": "stable",
      "tags": [
        "facilities",
        "fac"
      ],
      "inputs": {
        "type": "object",
        "properties": {
          "payload": {
            "type": "object"
          }
        }
      },
      "outputs": {
        "type": "object",
        "required": [
          "result",
          "trace_id"
        ],
        "properties": {
          "result": {
            "type": "object"
          },
          "trace_id": {
            "type": "string"
          }
        }
      },
      "preconditions": [
        "payload not null"
      ],
      "postconditions": [
        "deterministic structure"
      ],
      "tools_required": [
        {
          "name": "runtime",
          "scope": "read"
        }
      ],
      "context_required": [],
      "error_model": {
        "type": "object"
      },
      "examples": [
        {
          "inputs": {
            "payload": {
              "example": true
            }
          },
          "expected_outputs": {
            "result": {
              "ok": true
            }
          }
        }
      ],
      "changelog": [
        {
          "version": "1.0.0",
          "notes": "Initial"
        }
      ]
    }
  ]
}