{
  "meta": {
    "dept": "pmo",
    "version": "1.0.0"
  },
  "skills": [
    {
      "id": "pmo.pmo.project_intake",
      "display_name": "Pmo Project_Intake",
      "intent": "Execute Pmo Project_Intake deterministically.",
      "owner": "dept@company.com",
      "version": "1.0.0",
      "status": "stable",
      "tags": [
        "pmo",
        "pmo"
      ],
      "inputs": {
        "type": "object",
        "properties": {
          "payload": {
            "type": "object"
          }
        }
      },
      "outputs": {
        "type": "object",
        "required": [
          "result",
          "trace_id"
        ],
        "properties": {
          "result": {
            "type": "object"
          },
          "trace_id": {
            "type": "string"
          }
        }
      },
      "preconditions": [
        "payload not null"
      ],
      "postconditions": [
        "deterministic structure"
      ],
      "tools_required": [
        {
          "name": "runtime",
          "scope": "read"
        }
      ],
      "context_required": [],
      "error_model": {
        "type": "object"
      },
      "examples": [
        {
          "inputs": {
            "payload": {
              "example": true
            }
          },
          "expected_outputs": {
            "result": {
              "ok": true
            }
          }
        }
      ],
      "changelog": [
        {
          "version": "1.0.0",
          "notes": "Initial"
        }
      ]
    },
    {
      "id": "pmo.pmo.risk_register",
      "display_name": "Pmo Risk_Register",
      "intent": "Execute Pmo Risk_Register deterministically.",
      "owner": "dept@company.com",
      "version": "1.0.0",
      "status": "stable",
      "tags": [
        "pmo",
        "pmo"
      ],
      "inputs": {
        "type": "object",
        "properties": {
          "payload": {
            "type": "object"
          }
        }
      },
      "outputs": {
        "type": "object",
        "required": [
          "result",
          "trace_id"
        ],
        "properties": {
          "result": {
            "type": "object"
          },
          "trace_id": {
            "type": "string"
          }
        }
      },
      "preconditions": [
        "payload not null"
      ],
      "postconditions": [
        "deterministic structure"
      ],
      "tools_required": [
        {
          "name": "runtime",
          "scope": "read"
        }
      ],
      "context_required": [],
      "error_model": {
        "type": "object"
      },
      "examples": [
        {
          "inputs": {
            "payload": {
              "example": true
            }
          },
          "expected_outputs": {
            "result": {
              "ok": true
            }
          }
        }
      ],
      "changelog": [
        {
          "version": "1.0.0",
          "notes": "Initial"
        }
      ]
    },
    {
      "id": "pmo.pmo.status_rollup",
      "display_name": "Pmo Status_Rollup",
      "intent": "Execute Pmo Status_Rollup deterministically.",
      "owner": "dept@company.com",
      "version": "1.0.0",
      "status": "stable",
      "tags": [
        "pmo",
        "pmo"
      ],
      "inputs": {
        "type": "object",
        "properties": {
          "payload": {
            "type": "object"
          }
        }
      },
      "outputs": {
        "type": "object",
        "required": [
          "result",
          "trace_id"
        ],
        "properties": {
          "result": {
            "type": "object"
          },
          "trace_id": {
            "type": "string"
          }
        }
      },
      "preconditions": [
        "payload not null"
      ],
      "postconditions": [
        "deterministic structure"
      ],
      "tools_required": [
        {
          "name": "runtime",
          "scope": "read"
        }
      ],
      "context_required": [],
      "error_model": {
        "type": "object"
      },
      "examples": [
        {
          "inputs": {
            "payload": {
              "example": true
            }
          },
          "expected_outputs": {
            "result": {
              "ok": true
            }
          }
        }
      ],
      "changelog": [
        {
          "version": "1.0.0",
          "notes": "Initial"
        }
      ]
    },
    {
      "id": "pmo.pmo.capitalization_rules",
      "display_name": "Pmo Capitalization_Rules",
      "intent": "Execute Pmo Capitalization_Rules deterministically.",
      "owner": "dept@company.com",
      "version": "1.0.0",
      "status": "stable",
      "tags": [
        "pmo",
        "pmo"
      ],
      "inputs": {
        "type": "object",
        "properties": {
          "payload": {
            "type": "object"
          }
        }
      },
      "outputs": {
        "type": "object",
        "required": [
          "result",
          "trace_id"
        ],
        "properties": {
          "result": {
            "type": "object"
          },
          "trace_id": {
            "type": "string"
          }
        }
      },
      "preconditions": [
        "payload not null"
      ],
      "postconditions": [
        "deterministic structure"
      ],
      "tools_required": [
        {
          "name": "runtime",
          "scope": "read"
        }
      ],
      "context_required": [],
      "error_model": {
        "type": "object"
      },
      "examples": [
        {
          "inputs": {
            "payload": {
              "example": true
            }
          },
          "expected_outputs": {
            "result": {
              "ok": true
            }
          }
        }
      ],
      "changelog": [
        {
          "version": "1.0.0",
          "notes": "Initial"
        }
      ]
    }
  ]
}